z_1,z_2,Generated
0.6500653415714918,0.46954802532496964,True
-0.14238109975625352,0.032837754531290064,True
0.4602076762092982,0.1071544634341831,True
-0.2020701881640139,-0.3572972236385251,True
0.38490928923477186,0.543895832336359,True
0.07109515320930675,-0.09491047298220233,True
-0.1377178692771847,-0.346304616803157,True
-0.10691526220164362,-0.2949581109277265,True
-0.1944388502512219,-0.3678209777297606,True
-0.16493880112941842,-0.3139890182160407,True
-0.10800543099725338,-0.3460651767732296,True
-0.11232904338517502,-0.305179601668511,True
-0.9155147181342989,0.8038409376219678,True
0.9451194609554733,0.44940698298573134,True
-0.13057212467382046,-0.33868893520837356,True
-0.20250576243934937,-0.391324555327641,True
-0.14141689213397504,-0.33453887882423056,True
0.22557513475084184,0.39764868090485195,True
-0.10905859440584055,-0.29584042272560884,True
0.965937486676009,0.35798325781004264,True
-0.22282981003763128,-0.27096517033523243,True
0.9062927018314262,0.3506690199985353,True
0.3117909293994594,0.284927391945451,True
0.7783462579315202,0.3442848628898685,True
0.3552949859250943,0.5631795942203441,True
-0.17115066500805412,-0.373845042247609,True
-0.004861598127962603,-0.20467217810793423,True
0.6341088275925664,0.16786372167793492,True
-0.40244235984078275,0.307998301173938,True
0.21740247103528673,0.891449423570967,True
1.0111712930229186,0.3503740579959016,True
-0.2661538001894601,0.5703881063276303,True
-0.20544348848847557,-0.4527164409963876,True
-0.11853521142565412,-0.3153309224858667,True
-0.3262942529724175,-0.09759165424572341,True
-0.46589469711195336,1.6424885737744905,True
-0.21995830831919314,-0.3602469963423272,True
-0.3830741310592688,-0.21503444765765437,True
0.7998306551702146,0.2764752331329163,True
-0.19132217224818282,-0.3441898184369019,True
0.5111020006506349,0.16490339188061867,True
-0.15918873719542842,-0.35887229026439776,True
0.6199770956578258,1.0813284441574336,True
-0.15784248141485271,-0.35247344311216006,True
0.6270688869063143,0.19654907005658137,True
0.25603247255267547,0.1394197672571074,True
0.42022585152503195,0.4103846682282899,True
1.0189449962685337,0.34760889580238746,True
0.9774989683314824,0.27589903893524614,True
-1.4775764015253423,2.722128739553415,True
-0.18843911430574817,-0.329196156067637,True
-0.2474743691585585,-0.4166703252835649,True
-0.04258581213140495,-0.0975721219812387,True
-0.1963848983834047,-0.37634741510698394,True
0.7343339574333005,0.17787932957639685,True
0.02682349357484755,-0.1577124043374246,True
0.5441093959047528,0.907721233552552,True
-0.13732392921540804,-0.3432878264327808,True
-0.23486800770308702,-0.38740230544244836,True
-0.126484090123719,-0.2993305337487815,True
-0.12225574243145997,-0.2863704134622682,True
0.006256037070408087,-0.2622154154119522,True
-0.10021067971615896,-0.29182916154253113,True
-0.11600286790111114,-0.34797389155311603,True
-0.6931524194924711,1.4771383226949268,True
-0.27757987496352476,-0.30057322828094496,True
-0.14778657343110427,-0.39857347719452685,True
-0.014057001158802967,-0.08776601175898617,True
0.5522408149768238,1.0082261754788817,True
-0.39110066049015246,-0.174733654449703,True
0.014774000253015911,0.3894146981333016,True
0.5019279270845037,0.9845832578061486,True
0.5358360939385198,0.24058637470221012,True
-0.1788773169465062,-0.37788556830208114,True
0.3825874604570492,0.7018952949827908,True
-0.18322212140708893,-0.37395432684646146,True
-0.1950912097961387,-0.37260201885491245,True
0.8125129132028868,0.24741836571665476,True
0.1869705055233385,-0.02141281659822507,True
0.3735163404723143,0.08434107329095726,True
-0.18135451968820976,-0.3885143370070916,True
0.37174332927224696,0.15159437368444975,True
-0.29340838166221034,-0.20458466076627416,True
0.26497182940467806,0.021326325977445527,True
-0.18614325359278072,-0.3700124512454725,True
-0.22573658432696234,-0.2910378300661093,True
-0.09001070643629666,-0.28996817588198315,True
0.7816846872558667,0.4425901265709986,True
-0.2624842656976003,-0.3833196898139447,True
-0.14526186265288507,-0.3370414156893707,True
-0.14516523356424235,-0.3353271960562038,True
0.3143974306785853,0.26359424378694446,True
-0.12789745822768359,-0.3269022270692915,True
0.5873928033703314,0.18121183931123153,True
-0.12755519265978366,-0.332952037088313,True
-0.1509071996237118,-0.34981207674053927,True
-0.12308032457727987,-0.3366697474392093,True
-0.17153680051999182,-0.3996634161060835,True
-0.1325795546355302,-0.2981878649100141,True
-0.1752879422534163,-0.4136501450241398,True
-0.1630697358265094,-0.3656409271414098,True
0.6186193794606787,0.18957109668105604,True
-0.33388132732794046,-0.1829203719590258,True
0.4711048309232506,0.3597174778300372,True
0.7317363361378905,0.5200025569620806,True
-0.21430436162574268,-0.39753435060377135,True
0.13379322295614762,-0.021167151497261557,True
-0.2117867170836813,-0.41374231694187874,True
-0.18151714809739555,-0.38108245896789117,True
-0.22708401883998444,-0.1539986837823762,True
-0.1224907598268057,-0.30785265846872084,True
0.5046272886591979,0.18493156547394912,True
-0.10715043890481628,-0.3507622132386564,True
-0.20035628275173228,-0.427356574131968,True
1.021342291360298,0.30057169711151466,True
-1.5089711877209018,2.408694046818508,True
-0.16760318655769593,-0.37001736179894945,True
-0.1675769730997149,-0.33198465761254764,True
0.37652536341055015,0.28007069849143446,True
-0.3501004124188521,0.8743437909822671,True
-0.19319440077994895,-0.10463153834846357,True
-0.22299071361000966,-0.41605679833709885,True
-0.16162888958754293,-0.4228269745335059,True
-0.17337320788878127,-0.28019308469012844,True
-0.2843758959913193,-0.4064782268555241,True
-0.18293882909732093,-0.39152814681464804,True
-0.20404983387753683,-0.04492748073968228,True
0.6225268213894768,0.4085831352823779,True
-0.1650154119293733,-0.397479922311817,True
-0.765677112786148,1.9368161905731032,True
-0.13678846802428443,-0.34313455702500295,True
-0.13966717892650318,-0.3632976671764667,True
0.9318099380173692,0.6696527750020216,True
0.4651050299648267,0.31195031132448975,True
-0.06977055082426249,-0.22550264022334984,True
0.00728168602323844,-0.10186644989613086,True
-0.01229754912737437,-0.22300997136147688,True
-0.0534213281378473,0.39996942119900003,True
-0.21432757222033635,0.6379038885715208,True
-0.18648853807488022,-0.4017165430035074,True
0.5622909959660137,0.4377677105467907,True
-0.035037004357844334,0.2958545972517579,True
-0.1460806455062362,-0.34245674855679403,True
0.8262790314840155,0.25418838314264525,True
-0.1578752166419352,-0.2906587103946529,True
-0.0873372557054326,-0.14494077391743243,True
-0.15773156616644424,-0.4184887495232517,True
-0.14939432203899033,-0.35664603845701354,True
-0.5213689583819167,0.6094939943169396,True
-0.16415806245150424,0.4262026562321051,True
-0.05323847046990003,0.02976490021907603,True
-0.5145687412577263,0.05699933537283958,True
-0.15791059081407346,-0.43673068131939174,True
0.016834262731373516,0.35482425561197767,True
0.5683349192274197,0.46554704203544833,True
-1.1396402764187903,2.2167371534497278,True
-0.19987279693016016,-0.3139011853929704,True
0.2869408747990728,0.15219125427705862,True
-0.2134047366112094,-0.3795249420084703,True
-0.14761981914950162,-0.3229611354932558,True
0.7673077877747578,0.23407808435734218,True
0.47528764046375116,0.20974400683714872,True
0.6373366202234594,0.22270627589516012,True
-0.09726783372684565,-0.06442095737313147,True
-0.45193950788158876,-0.13277290600222894,True
-0.15642191849623485,-0.3655383954973472,True
0.034799365553724364,-0.19694246141464994,True
-0.17103691198830623,-0.20030726324071282,True
-0.1097596911150779,-0.29935797312519874,True
-0.38469776310856074,-0.11040301284338203,True
0.7863646146588751,0.21617888455695045,True
-0.18126172283619063,-0.44986552230258237,True
0.2889418829547603,0.5292508038199053,True
0.26421609121047157,0.1756956677937495,True
-0.1606647968917892,-0.3875557664012738,True
0.4484836085449803,0.11477764499271956,True
0.20071216028755462,-0.01458528465837545,True
-0.04193844102742163,-0.23247275348605018,True
-0.1524116219458898,-0.3340364644695997,True
0.021048709419807025,0.1711882646280084,True
-0.18121352591720707,-0.35323216132785495,True
-0.1599626276980294,-0.2920626996461302,True
0.30038093307298835,0.6748645989171672,True
0.7532753213876251,0.3478259579148974,True
0.011661899839820663,-0.1564916172284855,True
0.09436173502291635,-0.17387039909037996,True
0.7940858494886207,0.23409367781565807,True
0.5242502230200913,0.5624951269837759,True
-0.14880766325631542,-0.08419648231950777,True
-0.19364245603249874,-0.4367312225307737,True
1.3252600082932293,0.7670419743049495,True
-0.04548525353003357,-0.27735309235299854,True
-0.15171232328700368,-0.3577260473781373,True
-0.15823335736538224,-0.35930807856284447,True
-0.22402815129294135,-0.2955148287500402,True
-0.2002985436515543,-0.3951267816451475,True
-0.15038713268514786,-0.3539719707113666,True
0.9415314153474668,0.3128666921855234,True
-1.4148762658604497,2.4255683961383596,True
0.8530384167521523,0.30967993542957495,True
0.7352489511239665,0.2984705457274694,True
0.9995303028289682,0.3241477686199171,True
0.8765260576460893,0.26625653245906794,True
0.8385482894587748,0.2773757328873373,True
-0.18789253320998733,-0.3416756324182324,True
-0.2036841876353104,-0.3905838153604897,True
-0.187710470665837,-0.4222776199936684,True
0.8882063969015326,0.24842780020958896,True
0.41032961957595854,0.25113622712059386,True
-0.2049602360774914,-0.37363745867484954,True
0.9770642787529942,0.3267389993727681,True
-0.14001556917873723,-0.3568120303742514,True
-0.06701729447462434,-0.09064985100143426,True
-0.12197425159711241,-0.3264712483044282,True
-0.18016153215368455,-0.41500924298864883,True
-0.13847134731880528,-0.30649472786545495,True
-0.18183561313297947,-0.4134474690205794,True
-0.17122225206911273,-0.3807601349689937,True
-0.22268407292866202,-0.4513684403975524,True
-0.24029838495719422,-0.2717447411377171,True
-0.33911822258316476,-0.2633955664536334,True
-0.1343952661558778,0.38302233934127705,True
0.4271259458126052,0.8176697904371184,True
0.20978196956857084,0.05706623586419992,True
-0.15399437715001266,-0.38115710768904215,True
-0.17775598127856182,-0.4115433319068953,True
0.002427285320681615,-0.19952917843579807,True
0.7100234739756652,0.24376000563093658,True
-0.26497316488514566,-0.1973646540184737,True
-0.07684668199126453,0.7783556489977171,True
-0.42794562702798655,1.219206795211829,True
-0.15387301404842932,-0.32981915405178325,True
-0.19151218391337244,-0.4000559156644995,True
-1.3883540580344302,2.722336187342866,True
-0.02421682772423786,-0.26767140553830543,True
-0.025468060576770094,-0.2587315863220049,True
0.0357523715543355,-0.2584474037754223,True
0.5531466531501495,0.4156159930725466,True
0.43281047541780193,0.72542527767642,True
-0.2433369542252926,-0.3141247937005877,True
-0.23821238170153897,-0.37835562436413556,True
-0.11966394506281722,-0.357170101108876,True
0.6443445352771705,1.1635016928432833,True
-0.1683152750348871,-0.36368133716582474,True
0.6514779375572465,0.18995987469144726,True
-0.18293473294872034,-0.3078455914515115,True
-0.07832266225789757,-0.29925757691689087,True
-0.11830438515587945,-0.12401887809274817,True
0.18426674320684888,0.04689125287741266,True
-0.16362289322427645,-0.3976940515694089,True
-0.13640152741031697,-0.3319706697647702,True
-0.2458820832532434,-0.25980734586039317,True
0.14337074536232244,-0.06092238062518484,True
-0.1431673677407637,-0.33869171607737053,True
0.8205655588402512,0.26561890060351406,True
-0.22654817812409675,-0.4443127192433719,True
0.38002730291240816,0.13509532607888933,True
-0.017503866070960973,-0.13338774343208867,True
-0.15832860238264818,-0.40597429217726166,True
-0.2920641732879932,-0.2747825577268161,True
-0.23460899440687177,-0.20696470140104642,True
-1.8038931045983342,2.9388269904401745,True
0.584980936288774,0.25353865701707157,True
-0.13077017480237074,-0.28555695478705145,True
0.729724565380426,0.2301063324770825,True
0.2627942577474689,0.015383780262350702,True
-0.12339392395249363,-0.3181624407852092,True
0.16325850813576429,0.011258757052260789,True
-0.15594907063048138,-0.3410510212134484,True
0.1308203005178768,-0.12385501179433368,True
-0.13370636285529205,-0.3199712348047672,True
-0.8395282489775939,1.839359385554971,True
0.27134283557319466,0.885184965227702,True
-0.21807372648033552,-0.26623459145063,True
-0.1932271311173761,-0.23831933634698582,True
-0.622594531237506,0.8651539820235514,True
0.46578989198238807,0.1880211109036482,True
0.2693743626365166,0.7738746693345213,True
-0.4961407446172318,1.2071223271673375,True
0.6032562647581972,0.27042679308696715,True
-1.5548405582620461,2.521499068199881,True
1.046988527012507,0.4344280972671736,True
0.3837432538325565,0.401258236678512,True
-0.11751837049779,-0.31858687978734196,True
-0.6471428131659729,0.305136506434858,True
-0.1726819293102947,-0.3775910881440567,True
-0.14080273118607184,0.2492943707863633,True
-1.7384300593965973,3.114625454043793,True
0.9007107537676218,0.2989037894294528,True
-0.12078957637029505,0.04599715890507638,True
0.4908304497527307,0.19180848759436045,True
0.36306372039581397,0.043441730593552,True
-0.16145871418080282,-0.3578618271866595,True
0.6369325085347276,0.4792685461258834,True
-0.028875926862035804,-0.2679462396039743,True
-0.19589556414996845,-0.3917291757150458,True
-0.3890750461072402,0.8274377077721238,True
-0.06071947851733783,-0.12903302081904475,True
-0.055838910976937696,-0.23730230492634552,True
-0.19896140815554683,-0.3881446274019789,True
-0.17562258918335774,-0.36819472195038366,True
-0.1812627906260485,-0.43595642627735864,True
-0.19793951813297864,-0.39441555813718815,True
0.5952015786814646,0.3070799856530253,True
-0.14756529534088578,-0.3728617805735665,True
0.09179967237197062,-0.11020274577927969,True
0.010467180515156018,-0.21932994576833376,True
-0.17489690073060318,-0.39453448945326003,True
-0.16555551743678165,-0.37441541507998605,True
0.22061194004464826,-0.01787482808311821,True
-0.1470891139136506,-0.2896672930208612,True
0.04271049416954185,-0.1553875354658932,True
-0.1376576605259473,-0.28781659191431724,True
-1.311995465502503,1.546755537604145,True
-0.14285535638334704,-0.25964215533455004,True
-0.18581497559892754,-0.4123785408277437,True
-0.11499116912466552,-0.30678253774300035,True
-0.13246372761058792,-0.31751291012723837,True
0.2557035879097421,0.014312462927108497,True
-0.18356234743845107,-0.40213496768538104,True
-0.18682181947720328,-0.3994626979737216,True
-0.22134989872767608,-0.34182386217278926,True
-0.17154731645904864,-0.393340177841507,True
-0.19848335287772928,-0.43629610414595077,True
-0.06708939409758642,-0.1760362729795496,True
-0.38874054113708545,-0.29068855824333306,True
-0.20722067172509376,-0.37969457949348906,True
-0.21879073593775394,-0.2719296857082042,True
-0.17371928757333194,-0.3101255677997526,True
-0.1859784922297001,-0.3584338994905961,True
-0.35893633441608425,1.1849595069924854,True
-0.03415230526057458,-0.2590242012950351,True
-0.1921378218068584,-0.40893663463380864,True
-0.03055319029057614,-0.24557990667303883,True
0.3532556326420771,0.7418873071705587,True
-0.1643182747108597,-0.3796882850594696,True
-1.7584979993148666,2.2527692416830227,True
-0.08112882707431868,-0.2647882476374665,True
-0.2785033228562859,-0.30924022060711837,True
-0.38133488090341905,-0.23699248577368942,True
-0.16985721133011253,-0.3625758426625931,True
-0.10284214988189033,-0.3019783392273368,True
-0.20411281354037505,-0.41024422526776344,True
-0.14132425465985934,-0.3713586019889542,True
0.9129076521538864,0.3596873896714036,True
-0.1434108219788957,-0.339547945317409,True
-0.2284148444106241,-0.18886422860308358,True
0.6723369457383402,0.19976369967219604,True
-0.173633085322307,-0.377910346057908,True
-0.1183202480997717,-0.3400938450673301,True
-0.05974430780854274,0.009669225028018077,True
0.888282263242592,0.5420047678479312,True
-0.2809292275595752,-0.3140956817162265,True
0.01113830120777666,-0.24439849740549024,True
0.020283269860169116,-0.22925000516763058,True
0.07635922348575389,0.043574450750505395,True
-0.10324325090037931,-0.2899937761957922,True
-0.216461557302759,-0.4113404870577633,True
0.34911018408623984,0.7224664348722534,True
0.7723214440220193,0.22924166993239725,True
-0.14683559255258222,-0.3851791288817674,True
0.29806466032044904,0.8852627096766852,True
-0.1798794524112547,-0.32687515480786733,True
0.1388495402932079,-0.07340297171037627,True
-0.18834512576749587,-0.4332157661003204,True
-0.2773560595794814,-0.24821161332940114,True
-0.15732108307657192,-0.4306574531705853,True
-0.15883818465809352,-0.36085911477637594,True
1.0994973230793177,0.3934123139854891,True
-0.2726182888693802,-0.2604445884911498,True
-0.2186767483503195,-0.4169250534809599,True
0.098457085255873,-0.12360043766309839,True
0.80606815062303,0.24807926420455922,True
0.6768357882402399,0.21374327826223616,True
0.017274723768574373,-0.17498034166264784,True
-0.16795071233598102,-0.39118746060943443,True
-0.17401456563141263,-0.4404088757909814,True
0.12965196226358902,-0.03496763122638013,True
-0.1734510174662115,-0.41796082415897085,True
-0.10282892615997499,-0.2621665895394193,True
0.5690892484265433,0.15566476896898487,True
-0.14003526223882398,-0.3381255387448675,True
-0.22507393033661846,0.42539959773472213,True
-0.17896220122948317,-0.3482688987412037,True
0.6381631553493728,0.2619396490789293,True
-1.409430703002674,2.142186590675864,True
-1.0677320166804516,1.3628467816536904,True
-0.1779982979462689,-0.39609543961416294,True
-0.6259567657844746,0.3953792692172309,True
0.7650538395264008,0.22176371370750486,True
0.4268080962785874,0.28066548956752185,True
0.6058327383787028,0.20469903366234396,True
0.03421956118613691,-0.21615727817014532,True
-0.1496545586742795,-0.3550379759480457,True
-0.06574946461152492,-0.16078409781007022,True
-0.11616039979221945,-0.3019985397071687,True
-0.1983947421454561,-0.4037582770849467,True
-0.17915945697434285,-0.3824512535696122,True
0.6609349555114992,0.16706256092250385,True
0.7588859372424795,0.2486937559213678,True
0.12799559648119688,-0.07305158399361532,True
-0.32171253671819605,0.3548193379305194,True
0.05194299623826849,-0.22055928420076343,True
-0.11809288604534852,-0.2952326055596969,True
-0.115428696218583,0.012815276418340099,True
0.7644889705421352,0.24080025640772126,True
0.6472593967448141,0.17907042414736302,True
-0.17247772359737898,-0.3641306051207951,True
-0.6394055221663166,0.31980440678451755,True
-0.23359203239452705,-0.44100047744472753,True
-0.20991777794180908,-0.41386064783903914,True
-0.1283299032979189,-0.2980524468792313,True
-1.6852361009753474,2.586226787762749,True
-0.20872913061568155,-0.44396500717195714,True
-0.012752271402080299,-0.24838883799137387,True
0.5469508781122692,0.20060529981099623,True
0.6239941707801233,0.3106839020710227,True
0.82262651929558,0.2121783312211461,True
-0.1807104172844057,-0.4363578886631166,True
-0.2163369837891225,-0.33477874009327646,True
-0.182689644135968,-0.40201613377077006,True
0.7889094453599367,0.2348115998541686,True
0.17301180250077358,-0.026866290616971863,True
-0.3631298675087784,0.7240958672810495,True
-0.9516118722239072,2.023559074257607,True
-0.19538426363461622,-0.39545258588398363,True
0.7275975081181225,0.3043255385387011,True
-0.16767142188814987,-0.34518713950069396,True
-0.1358535776022757,0.4865876944967578,True
0.2964489968184778,1.0862972778024036,True
0.17450696604249566,0.01740811189582148,True
-0.21336665489502976,-0.3546431131053192,True
0.4961443065007111,0.2325002242018417,True
0.650828256991721,0.2951344085682835,True
-0.5375669551239068,0.19379469253603906,True
-0.7306519855742067,1.738521776357359,True
-0.6142181942621597,0.8299184075363161,True
-0.17523788767877438,-0.3555223028805675,True
-0.6921441708488383,0.68732401953415,True
-0.25465382504355016,-0.3086746862920573,True
-0.1712736618080284,-0.40089920668153967,True
-0.18488577947603477,1.3963502592233727,True
0.01774394607487009,-0.24591703835127138,True
-0.1657957784570717,0.7329805182531931,True
-0.1818989187160958,-0.3868466883737827,True
0.5101674401969623,0.16687194560525304,True
-0.009084765647630487,-0.223853953401407,True
-0.2029034172943979,-0.38282135453501226,True
0.09672806170742972,-0.20999295881449354,True
0.11017313417991205,-0.1519150488498206,True
-0.20049805811358562,-0.45073766795219955,True
-0.19356817602936627,-0.4547398486046458,True
0.15790355401629852,-0.0020909053686155427,True
-0.1595706092559103,-0.3371623356485237,True
-0.13808229703868136,-0.3325624699394057,True
0.2424258723504994,0.11477684013939032,True
0.6596281621805778,0.19157193403176986,True
0.005287426191335008,-0.2609274486782229,True
-0.1464472450711035,-0.3315813414522211,True
-0.19386782572245126,-0.3369781006613297,True
-0.16108753008597346,-0.37926493535317984,True
-0.2683980180788245,-0.011023788384088778,True
-0.18741636559011052,-0.4296909414510973,True
-0.23624224419166906,-0.32296692729406845,True
0.010860573516079188,-0.1994665772913598,True
0.030885174658694982,-0.12652006230728227,True
0.4440276271990967,0.40813647223036953,True
-0.1664196333888167,-0.42253819674957555,True
0.2228365959875274,0.02865763624979479,True
0.5446059983051995,0.3759389646968424,True
-0.1362536279710262,-0.27159369841472875,True
-0.12704199846387426,-0.30931743987386984,True
-0.06019618840271987,-0.23066467679285738,True
-0.15656724070453432,-0.4059354868863824,True
-0.13841677959204748,-0.3064327044946696,True
-0.14409541492818434,-0.3306255677383338,True
-0.1962570055460699,-0.42698842420330146,True
-0.21746655512611732,-0.4117036959922606,True
-0.3803679842371628,-0.21779186139585827,True
-0.1778141475772982,-0.39069044099611266,True
0.25558876169850636,0.03584671799134204,True
-0.21733296021825932,-0.292365334507808,True
-0.1307524174421048,-0.3507204320185091,True
0.5125784408873199,0.6714232941830055,True
-0.1452862090370142,-0.36472732216656606,True
-0.20285044984984077,-0.2604554605242537,True
0.8653696122267087,0.26488781352659313,True
-0.2777240331451774,-0.3512096833492217,True
-0.2426569388836809,-0.25332807962393816,True
-0.1688973464974445,-0.41605671363221847,True
0.9373373937403202,0.3831128531723513,True
-0.49670512140869244,0.7781717106768795,True
-0.375146823007849,-0.21735545316184912,True
-0.21105416976219799,-0.39776470998435715,True
-0.17687233392180093,-0.41251221389492565,True
-0.17717239945410512,-0.3249655777053407,True
-0.19610153972077354,-0.23290162759313288,True
-0.20607539895278415,-0.37936843505712836,True
-0.14736966459535164,-0.39599644082941016,True
-0.15908931012981642,-0.38908086255552715,True
-0.3088332823609729,-0.1971427703323289,True
-0.15521984592754334,-0.38486234822835436,True
-0.19551185819251707,-0.381803984262799,True
0.12543503798708655,-0.12226037944219337,True
-0.14661059238244484,-0.3534235934463904,True
0.37692913874590733,0.7039476080186663,True
-0.1276742031713495,-0.20826217890802748,True
0.7590642947465743,0.6655539457858323,True
-0.16821232421366838,-0.3178814409887233,True
-0.18277075021959222,-0.38217631496285703,True
0.7795717860325848,0.2853288486655248,True
0.855381988347949,0.24802421290757493,True
0.8717050925245973,0.3125200187357928,True
-0.18741475236589328,-0.4006177770493146,True
-0.134331219616018,-0.36523116010727497,True
-0.1726449224900715,-0.4387843708040147,True
-0.229811832527926,-0.37139745957789166,True
-0.36963513604020876,-0.08532594548853246,True
0.28373785210866864,0.09820460427761364,True
-0.16364571437099915,-0.3839582567013349,True
-0.17548185930561372,-0.30893719949380455,True
0.07840707733902742,-0.15448829115676896,True
-0.17015047411034429,-0.41161607171484726,True
-0.16744031404272713,-0.37002530763332825,True
-0.05817310198126257,-0.2615140474461397,True
-0.023069257553975632,-0.2765063818861593,True
0.9275224741380075,0.3129063700695567,True
0.12031937885513251,0.724571349686071,True
-0.17677824881005091,-0.38726962089329425,True
0.7642372231293281,0.25980611388209535,True
-0.15757618547263388,-0.24960797767125936,True
-0.2028495331714939,-0.3602687110103843,True
-0.13275025986436695,-0.31521439226031567,True
-0.1363134770644014,-0.3222483385582317,True
0.6116351487557906,0.5978575695719898,True
-0.1920742764629576,-0.3937764468959416,True
0.5130446427955292,0.2304257106196863,True
0.9012187048354099,0.6127048273768303,True
0.009162981567702833,0.06613083029269792,True
0.42591435722303245,0.17158200035037077,True
-1.5308790229622968,2.7868101468101787,True
-0.2513319432742207,-0.30938014029474126,True
-0.029586628685928745,-0.02944210452617604,True
-0.15262093539305732,-0.4140692648653957,True
0.793805916278057,0.6120661028556451,True
-0.16466987183423515,-0.3564153118635831,True
0.9899012412420055,0.3078146673625043,True
0.7795676148503144,0.20583997875084822,True
0.024220111259404088,-0.08714423380129847,True
-0.0869714980880726,-0.19207368723102036,True
-0.14638508910218867,-0.32980610426819595,True
-0.2460836624967766,0.11086054016938457,True
-0.18310678424426838,-0.3154025791240541,True
-0.12081364008097789,-0.2842403627586261,True
-0.18129755712657966,-0.41403988148995635,True
0.6187892242564141,0.13200359362688643,True
0.9604858058733406,0.30488506011167266,True
0.8891419328288532,0.3010607771828136,True
-0.08119977593773026,-0.2669579589011211,True
-0.10883839643076906,-0.3183692991347805,True
0.12603830554934115,-0.12102253646787643,True
-0.31728202871136607,0.3455683083298676,True
-1.5405675524340123,2.1631727879455287,True
-0.15008112115563044,-0.3436985667798808,True
0.8445621369792521,0.36922748502525166,True
-0.11463747855908675,-0.32343724269733926,True
-0.2732654169343256,-0.41298447944334143,True
-0.08974097734047563,-0.26800271576058804,True
-0.17922465789295794,-0.38805796461882747,True
-0.20956543322397575,-0.4038252376516141,True
-0.19286681157888472,-0.3635070731479903,True
-0.13980610765788276,0.12909709582240755,True
-0.14016082122754678,-0.36412762638118823,True
0.9583265311114313,0.37713290853398596,True
1.0134261809091272,0.32977015160088546,True
0.3559344010425592,0.3282394138741231,True
0.038424073029929735,-0.16201128658345784,True
0.4812235938230623,0.4538267511688479,True
-0.14112235982758242,-0.3349439463112693,True
0.6867230954388006,0.23246446819255864,True
0.2188362219357393,-0.017272880049640393,True
-0.14499445551606271,-0.3937074077819398,True
-0.2751004079782463,-0.35544661071397227,True
-0.13548874444716222,0.30497445485064134,True
-0.21212959924832994,-0.35288954345566953,True
-0.9517549298667332,0.7846165212215214,True
-0.22835113702310936,-0.3027961617570609,True
0.5233712508777169,0.17524161311318248,True
0.9484844041561941,0.317101881823711,True
-0.24051440445037306,-0.2857036108001432,True
0.5229327189905283,0.33813039565876435,True
0.45268667622151937,0.44354844847587366,True
-0.18571039233433745,-0.4045659067651311,True
-0.1967244248021717,-0.41795316021028606,True
-0.14346802355136276,-0.34324074446329406,True
0.06889356259698587,-0.15800472114428155,True
-0.043839772259531215,-0.29787646737330437,True
-0.2282956260727102,-0.24535575128975126,True
0.44027161522417346,0.1380434162023442,True
-0.2352099572586484,-0.37277124077326823,True
0.791670672919736,0.3848464124548431,True
0.5129320407625771,0.4769133597248027,True
0.7872523474224887,0.2655697622763684,True
-1.7631430475840084,2.883942715081215,True
-0.055950907882305306,-0.293989024640966,True
0.4870789032560867,0.15837548714446645,True
0.6208673012066973,0.17008997617963847,True
-0.2463144020655589,-0.41455363028871695,True
0.5126769778737811,0.8780944284229818,True
-0.1474569515840256,-0.3227180824766487,True
0.0695231387593182,1.3977329935144358,True
1.0249199836317475,0.32270122654746325,True
0.8283057576540028,0.2907095661234637,True
-0.1637869100842489,-0.3968681469735933,True
-0.22931512013782596,-0.4438758151185026,True
-0.11027585261572291,-0.2898401989708016,True
0.7116715385885924,0.23185159805142616,True
-0.23027930169992508,0.31401949619118275,True
0.003603473447682055,-0.2063177580067749,True
-0.18389828123263077,-0.3909377160179151,True
0.5757389654960751,0.5789039647016112,True
-0.19125719945257028,-0.41555528425028393,True
-0.21606154148515908,0.49106724183351513,True
-0.12724370247251574,-0.3012710678364819,True
-0.20544211355701203,-0.43689711354059213,True
0.5247957874368828,0.27859180218396806,True
-0.19373812536657148,-0.3028394367259438,True
-0.034008888731370895,-0.25984632022767884,True
-0.13979854233812106,-0.344221176918057,True
0.9810770728696913,0.3733910681763262,True
-0.16851134333158002,-0.39162019113326235,True
-0.1858410416953673,-0.46076568211230684,True
-0.19277009941916765,-0.42207819770592525,True
0.12895288177837794,-0.07782640469971386,True
-1.4845200152576183,2.3538665587915166,True
0.4773728053957675,0.6373503521443659,True
0.1271672156432933,-0.030359003377882294,True
-0.2090763949909842,-0.2866659614666602,True
-0.25768670433576507,-0.34214576312855927,True
-0.15716959051140958,-0.3659205652218107,True
0.1640681123757853,-0.02626180061175631,True
-0.25704364293633414,-0.3477148442435266,True
0.4931217048605157,0.29087166141117604,True
-0.1555097878470576,0.5108911952882411,True
0.5100858092342545,0.5585760862052048,True
-0.19374264829336216,-0.427868841751043,True
-0.17337922371967138,-0.3899360705672398,True
-0.15176013827363602,-0.37285350855204125,True
0.2696632288947299,0.045318673765751875,True
0.9797008792177324,0.2904459164170675,True
0.5853028554851527,0.18377290503328494,True
-0.15627236219652338,-0.3914363816456177,True
-0.18522075105757205,-0.41496057277927495,True
-0.44299268247375434,-0.1761503422120242,True
-0.1409904134165095,-0.2983080782851567,True
-0.171633833528237,-0.40263355542053775,True
-0.23963400490730347,-0.4293090621680443,True
-0.20420404618819168,-0.27325008900606435,True
-0.2258262784630007,-0.35570725867914604,True
-0.20010523776663044,-0.4316291577561646,True
-0.15142509380128055,-0.3482365219184856,True
0.43281981509880324,0.16524162050719124,True
-1.0199002664342278,2.237407284838973,True
-0.2102963733182213,-0.3891832939805837,True
-0.22323168575166782,-0.40371286302945725,True
-0.918851679695555,1.601513987999454,True
-0.1565018701027778,-0.33472255697086334,True
-0.1202811136655732,-0.35362852665709654,True
0.42259745624545164,0.38010704234056797,True
-0.2516095484484632,-0.27182976705885015,True
-0.08094149332131949,-0.31552337486246373,True
-0.21845200574175214,-0.3565071267880388,True
-0.154108773252839,-0.3464579895508922,True
-0.15592022320806612,-0.34667302452770477,True
-1.7782867498296913,2.8253269443593183,True
0.07661837135526524,-0.12316971318972349,True
-1.6803716349909497,2.672224595922773,True
-0.20437469425119606,-0.3868320627290452,True
-0.15211303828966813,-0.38002130969113634,True
-0.2092257827770544,-0.4555516802465772,True
0.16000984360721998,0.12255580112186829,True
-0.2002417530975542,-0.4106439439664877,True
-0.13379459963596144,-0.33016019300722027,True
-0.19033496516553156,-0.3958719335720159,True
-0.17162642879295764,-0.33950457005073736,True
-1.2993345536188714,2.605227269007432,True
-0.17387753846441756,-0.414612550017904,True
-0.29660591997677654,-0.25617889663949395,True
-0.15008271338763748,-0.35517633602807697,True
0.540209889932619,0.6300112639180314,True
0.3186286564554585,0.053463507816539635,True
-0.1581173454732294,-0.37505299841106227,True
0.8494166141418646,1.1195310355217383,True
0.6725690650889017,0.33238873242317474,True
-0.22521977164641396,-0.3734351891841205,True
-0.20975503849693375,-0.305014108666774,True
0.3972498309035693,0.12122890371742696,True
-0.6469524131546175,0.46417476376017347,True
-0.14541129953935483,-0.33075244161585476,True
-0.06206883295280769,-0.25643042049869624,True
-0.1862200819017462,-0.2997115854090589,True
-0.19692823767212353,-0.4536354265058948,True
0.6944227306030898,0.24034310275973494,True
-0.18872559763058552,-0.32036804607050584,True
-0.20251667410870364,-0.40054915233712624,True
-0.17621834789373492,-0.37126606901117304,True
0.8459514108588525,0.26753294230005675,True
-0.2208149920337513,-0.42002546960110254,True
0.6312602014059695,0.2477502719426848,True
-0.32134374083916223,1.0269809643528491,True
-0.11646798018836287,-0.2621603825116805,True
-0.18277530262255334,-0.45774327077059546,True
-0.09281738664469369,-0.22541032747782622,True
-0.44983241879494573,1.5516300960589224,True
-0.15138030815334763,-0.3595933250221298,True
-0.29266577549535366,-0.14833295259175464,True
-1.5746919359919649,2.740401265921244,True
-0.12544753841171719,-0.34235987475358803,True
-0.1499233205133539,-0.3508418190113116,True
0.62941431708566,0.20153728674029242,True
0.05824356992374367,-0.23754973185641529,True
-0.16061218845979663,-0.3815691934786954,True
0.7484236914692463,0.2512285553220606,True
0.43755199918458354,0.4761831328949248,True
-0.18878144941665354,-0.411446161948258,True
-0.14182770175026677,-0.36042052912048206,True
-0.19391837565079417,-0.3976753799164245,True
-0.3213597081747538,-0.1747152946712512,True
-0.199925429930111,-0.3462465484486364,True
-0.4153460134484209,-0.18178045181183974,True
-0.10831171277111501,-0.25730262034117907,True
-0.15440096981224916,-0.31830255873182917,True
0.21369200203933533,0.0803981596907766,True
0.3781278671358885,0.39352785750102176,True
0.8120178938691098,0.2585764763499986,True
-0.22063547169171707,-0.40635666483803967,True
-0.2047072134165472,-0.30152975288965567,True
-0.16071904798114967,-0.3829379756469824,True
0.6212232986135385,0.20719110411310981,True
-0.13416067693660844,-0.3635381224590131,True
-0.1444326068134993,-0.3772555178628327,True
-0.21750866884322081,0.0865549632655031,True
0.4011958043053006,0.631387840584562,True
-0.01610863290096738,-0.1681980823192644,True
-0.8883953910740006,1.4885939643863413,True
-0.40994460776796793,0.19381998836018224,True
0.09641307977010309,-0.1368381153241729,True
-0.12640308653046747,-0.2939712215783231,True
-0.39527519381865006,-0.12555987206202598,True
0.5107957060942512,0.1566586757337666,True
0.8085452979182023,0.24803495801441872,True
-0.22802775775436926,-0.3922891592500787,True
-0.021684336828902046,-0.16570780421523026,True
-0.18574236632284893,-0.3280239726827405,True
-0.2036414086694328,-0.4383779262165586,True
-0.45866391033635084,-0.06616948907390095,True
-0.338587984132512,-0.30591179654950446,True
-0.15664668730288286,-0.35523637280591464,True
-0.04699965952310016,-0.22653197880969106,True
0.7775490322716182,0.23750424082709817,True
0.3788220073270098,0.3940272255627768,True
0.6687640175270129,0.1864254492310379,True
-0.15908549088846627,-0.3486288343296906,True
-0.20467071345884177,-0.4266210873608928,True
-0.20418466363516674,-0.3998240975208541,True
-0.1579092635973727,-0.372798916095381,True
-0.16750647224508497,-0.421602742358086,True
-0.1778017494045572,-0.3782579356264762,True
0.6510825272900171,0.27554071736499125,True
-0.13553464831318382,-0.3452074935124434,True
0.665730634346588,0.2097150952931423,True
0.9513916868311173,0.394201564628053,True
0.6749745816539348,0.16281188726503812,True
0.43754700371232036,0.4925159741314233,True
0.52882543389586,0.17938601013924754,True
-0.15215218678573078,-0.32840837368124004,True
0.05947095846564193,-0.12625924376767594,True
-0.26610422470373163,0.03025710189121832,True
-0.16707416259209684,-0.3273218958700655,True
-0.18562032157346936,-0.3892719703700603,True
-0.11466973038204985,-0.29455197461160376,True
0.9062332438731535,0.24266936641911774,True
-0.04948358712344079,-0.18179708039578737,True
-0.007789884587262809,-0.25323156889652915,True
-0.2678096126402691,0.4709134816639071,True
-0.08669561191326625,-0.26514228756060254,True
0.3754048573529777,0.18145354196680052,True
-1.758943508247929,3.299452747757085,True
0.07576824683295251,-0.15294504188694028,True
0.45051641133388726,0.28014464552809215,True
-0.32117984037501535,-0.23305530128154203,True
0.4230700088564809,0.7014508220370527,True
-0.17837099307256715,-0.35062706813091293,True
-0.18644033210138633,-0.3942383252936201,True
0.9536556332794911,0.46904242463213003,True
0.8487366411699957,0.2780938025878344,True
-0.5407400832277366,1.2914914466755492,True
-0.09839421554459143,-0.302807541540775,True
-0.12584030455055453,-0.2133348651343709,True
0.6867887930020439,0.23988051395675952,True
-0.1501010426617242,-0.33865203867683547,True
0.7058749658166663,0.43104873642075187,True
-0.18078488834733594,-0.41162723940771784,True
-0.3751725457761904,-0.21129098653307343,True
0.6759103984574102,0.19408396773757466,True
0.07636778933194495,-0.19706588405704958,True
0.36072225186552015,0.7394606427162714,True
-0.15153956915152816,-0.3045791159990052,True
-0.15822943351761923,0.7512229375705004,True
0.5218963992158259,0.6897139793693884,True
0.772665311008601,0.27625425633915185,True
-0.30648576954444673,-0.25283114845783244,True
0.2827220903317096,0.07125385034424092,True
-0.12343773214491331,-0.2911698074820782,True
-0.15880140975041812,-0.35893981240315753,True
-0.1513519433244604,-0.40793041810207925,True
-0.3453340471508958,-0.2045938110820857,True
-0.08781739994315726,0.22897954414046628,True
-0.21383650899749504,-0.3780690033504787,True
-0.28216663570756034,-0.22371115339043673,True
-0.1927573345154052,-0.4008513678489801,True
-0.1918609903025655,-0.40656166425596196,True
-0.1808734322066505,-0.36819409048778723,True
-0.14360821968242657,-0.31514787612390244,True
-0.14091208861725316,-0.36184482662850026,True
0.4800093740173591,0.321979627840557,True
0.5025735104080412,0.17520435451038083,True
-0.2571521909290325,0.01696635364673801,True
0.7559469330856944,0.18687133898018476,True
-0.19327217917280315,-0.4265491505101964,True
-0.11710700206585498,-0.22601321834255417,True
-0.2419481493853484,-0.159903954545486,True
0.6657144049392969,0.21284755237227856,True
-0.14390204640885984,-0.35657593178092345,True
0.6189387176608203,0.5893094324493052,True
-0.33292529115664554,-0.2986994988724664,True
-0.39064014811347436,-0.20866729518830904,True
-0.04065030914267949,0.14007665532821573,True
-0.9271390184715361,0.6103163438663463,True
0.2803742006899591,0.12834395197844828,True
-0.15281812688952331,-0.3096409976880507,True
0.788657351071966,0.20163209648125527,True
-0.11204059145292572,-0.29969132013377736,True
-1.4217243331587601,2.1238310429752123,True
-0.13125088474562122,0.001042086240366595,True
-0.11653429558493948,-0.22898817064835364,True
-0.5372926101383302,1.014654356628589,True
-0.07494815040477074,-0.0489568719883437,True
-0.7105562885359914,0.9425010914257688,True
-0.20302929409844767,-0.11095439578747786,True
-0.18608357930294867,-0.38345851564205113,True
-0.2504306216927175,-0.18797097636158885,True
0.1373107410432499,0.0012840945461548507,True
-0.14913949996696932,0.23353267554673376,True
-0.18372393045042076,-0.4221960095912808,True
0.8760462822821066,0.2841273193658119,True
0.1909008782470985,0.23446421086465002,True
-0.19498991554665931,-0.37812531394749,True
-0.15096781141533802,-0.36781635369104637,True
-0.19462937889027526,-0.4036935309837787,True
0.028012137715533576,-0.24311425619234953,True
-0.17426674543095455,-0.3859440510800463,True
0.011288182278855653,0.554724883927063,True
0.9244723016162347,0.30884912756208155,True
-0.17545567051688332,-0.3845185747323815,True
1.1319112470018078,0.3725215368994048,True
-0.1434706184556933,-0.34095361559954657,True
-0.16426792348052388,-0.42358485370652943,True
-0.050698345357203335,-0.14080057706268892,True
0.34230551340419546,0.12813316903590097,True
-0.2123484603923574,-0.3613016789637773,True
-0.2457513719595217,-0.2863332691061547,True
0.4065344835549491,0.9997219862035965,True
-0.05476457707878341,-0.3079213938271841,True
-0.23699554399278555,-0.3097847027244696,True
-0.1870477940207642,-0.4301610451520208,True
0.5041363843274232,0.6287374507321201,True
-0.2295925823896499,0.4966700068398972,True
-0.188302134987127,-0.4169957896037094,True
0.24212743567074446,0.089852480148891,True
-0.1121565454338831,-0.30100057552295,True
0.2586111592258559,0.004231598235965701,True
1.0162569505893897,0.28138613675451374,True
0.04743376421633854,-0.22884141303958533,True
-0.19472644519895269,-0.36497884727775803,True
-0.2116502622411657,-0.4489485560341481,True
-0.17559050130494863,-0.421728250996409,True
0.07440124319572494,-0.20262361776315244,True
-0.2267907286005219,-0.32407883739807114,True
0.7295612127198922,0.8202594990352559,True
0.9458869232582884,0.7020712468581842,True
-0.1350151506428958,-0.3449067902702626,True
-0.2686281337036235,-0.26939098336084033,True
-0.1609387296174964,-0.3910286496360321,True
-0.14325121075283367,-0.1519587707148303,True
-0.14740280666549954,-0.3555157397537091,True
-0.10015085789608473,-0.26820715717123833,True
-0.1422754368009301,-0.31502238468600846,True
-0.4050266611139643,0.22483027120481328,True
-0.15918715422998025,-0.36295054086716166,True
-0.22721274625446697,-0.2237438071516773,True
0.7758172075852446,0.25394300975167483,True
-0.2050585774434033,-0.4091680430268418,True
-0.1902144896077598,0.2918912605564821,True
0.6797569566820056,0.2317383040570468,True
-0.19866442866802014,-0.37562132830685757,True
-0.17615711670449666,-0.23016923103637416,True
0.9262934340575508,0.28334303829704904,True
-0.17843290557595268,-0.4075821505264031,True
-0.12137079177101234,-0.3349446481003944,True
-0.1528463583543751,-0.23592373747513581,True
-0.15187217942522602,-0.34474780725837934,True
-0.010198674476117997,-0.20936574793882848,True
-0.09235215908333212,-0.1782781951518251,True
-0.17703819106534885,-0.3893493352922478,True
-0.1846902939525137,-0.3482260492215376,True
-0.14796082865998353,-0.4043017352727054,True
-1.4584161661041979,2.9400708414904484,True
0.5714604162974808,0.22047657449717903,True
-0.1761214536968002,0.32443582066312643,True
-0.2730893657000575,-0.2640544706277617,True
0.8998221061586557,0.3634670085579268,True
-0.19765546499944336,-0.2857396215087597,True
-0.11580844083783232,-0.351532246765432,True
-0.16440865168082286,-0.3536532953624357,True
-0.13533099140933064,-0.3586561530240671,True
-0.049177036687507066,-0.25772715437862154,True
0.07422635649971156,-0.17285237035000975,True
-0.1720680191234116,-0.4037656394901308,True
0.30437434093886867,0.24969630548372845,True
-0.17006243779641783,-0.36049739429497524,True
0.8724259733122902,0.5030112740541712,True
-1.8316202938096637,3.4324356086901653,True
0.9897417368459592,0.35082666235204746,True
0.5156278004784456,0.5973469640204497,True
-0.10651444884847386,-0.29450457058479945,True
-1.492154954805478,2.59752654804324,True
0.9488414570417593,0.28873946215381746,True
-0.11334858775566778,-0.307674168784484,True
0.3724914394953768,0.058265035625575806,True
0.8676773502118177,0.2429137331381475,True
-1.452227510495537,2.5802308927205355,True
-0.1972258145183839,-0.47107904781192445,True
-0.251076921140792,-0.2916787849777182,True
-1.630514273037471,2.957121054570213,True
-0.05811028609137354,-0.22123058314248475,True
0.6660135738651519,0.20131152924551443,True
-0.02206905355415075,-0.12297736422960219,True
-0.2030580375848878,-0.4519173596627997,True
-0.15420885914917018,-0.3980813889586917,True
-0.1739037696081339,-0.3407469324575629,True
-0.0918193433687958,-0.302446304247744,True
-0.15123243255206587,-0.36894521588925916,True
-0.2187280027846497,-0.4471903840946671,True
-0.032491284410534775,0.08943812320042156,True
-0.15714668185741454,-0.3497303386954559,True
0.5433730522092185,0.4164694371831174,True
0.6912482664546178,0.307339581241369,True
-0.11756497063621513,-0.3261181344767259,True
-0.1487744166031341,-0.3182003566214302,True
-0.02159046611853863,-0.14038038793242344,True
0.4526800764755579,0.861607569158185,True
-0.14081802525240145,-0.3400399182144351,True
0.3806441186976008,0.5029711636327014,True
-0.15769743414260282,-0.3876508408984443,True
0.9867379144047089,0.30857818346679294,True
0.43195494201299073,0.32420568798079374,True
0.45851924465241584,0.1499529708937424,True
-0.21317319793678008,-0.2831136379371671,True
0.3252964205809588,0.031228127017617555,True
0.036331097699249484,-0.14348180860997106,True
0.4518579674410132,0.13163292329832715,True
-0.16166650222690787,-0.41874775741740844,True
-0.216939400943914,-0.3690531528590215,True
0.31718713562630435,0.15201764369422027,True
0.721333182440632,0.6624307238382943,True
1.1045930222685105,0.3620801840133137,True
-0.17530509237214986,-0.3879879204928803,True
0.771181689220028,0.30656592399340105,True
-0.17294926564500146,-0.42577176672660855,True
-0.15832659592580275,-0.3364166450628309,True
-0.005262945988485807,-0.17135629344306014,True
-0.2457757924728752,-0.30928624240059405,True
-0.1516240922617866,-0.3278063137312527,True
0.9099667074563254,0.29610805032152837,True
-0.12911899940856264,-0.3209718826604293,True
-0.22465661048305624,-0.37010324652989857,True
0.14684038035751365,-0.06022496976542423,True
0.039896458379995794,-0.1656468174180372,True
-0.2005093222660888,-0.4299192839448263,True
-0.19013337004496825,-0.4044270391997159,True
-0.1485439768139755,-0.3589964691308531,True
-1.3019042195607566,2.318280501445409,True
-0.12476262689574265,-0.3028625832401369,True
0.04920085939275119,-0.15725453363791703,True
-0.30135589325653317,-0.22672709327508836,True
0.7202849309959378,0.2421141204684465,True
-0.21048032978827785,0.24288956918332472,True
0.5145025808331333,0.5979323006544852,True
0.6772346169320187,0.2845097448319097,True
